{"branches": 61.36363636363637, "coverage": 84.26645519429024}