{"branches": 62.06896551724138, "coverage": 84.9400479616307}