{"branches": 61.25000000000001, "coverage": 86.53949973007018}