{"branches": 60.11904761904761, "coverage": 91.31378935939196}