{"branches": 61.25000000000001, "coverage": 83.49080913932315}