{"branches": 63.095238095238095, "coverage": 87.47111257840872}