{"branches": 62.76595744680851, "coverage": 84.37843784378438}