{"branches": 63.095238095238095, "coverage": 87.46904408122833}